{
    "Date": "260130",
    "Size": "260",
    "AffectedSide": "Left",
    "Left": {
        "alpha": {
            "1": [
                8.10246,
                50.69887,
                71.79124,
                262.31289
            ],
            "2": [
                10.30424,
                68.72914,
                61.58053,
                265.99441
            ],
            "3": [
                7.57294,
                36.84148,
                70.09213,
                272.51259
            ],
            "4": [
                5.93895,
                13.8917,
                56.44361,
                280.02747
            ],
            "5": [
                11.65035,
                81.21522,
                92.2084,
                265.31207
            ],
            "6": [
                10.83302,
                69.29324,
                101.342,
                364.4596
            ]
        },
        "breakpoint": {
            "1": [
                1.19574,
                1.31189,
                1.5005
            ],
            "2": [
                1.26145,
                1.35467,
                1.5152
            ],
            "3": [
                1.07916,
                1.23797,
                1.4271
            ],
            "4": [
                1.20579,
                1.30119,
                1.495
            ],
            "5": [
                1.23775,
                1.35785,
                1.4886
            ],
            "6": [
                1.2842,
                1.37428,
                1.5072
            ]
        },
        "constant": {
            "1": -5.04876,
            "2": -8.54282,
            "3": -3.91446,
            "4": -3.07438,
            "5": -8.93446,
            "6": -9.94662
        }
    },
    "Right": {
        "alpha": {
            "1": [
                8.63292,
                57.26293,
                78.10387,
                344.2887
            ],
            "2": [
                8.17368,
                55.12438,
                96.1019,
                286.45413
            ],
            "3": [
                15.48467,
                88.18236,
                77.89881,
                255.0673
            ],
            "4": [
                9.07969,
                43.16014,
                41.2192,
                303.39864
            ],
            "5": [
                17.11816,
                89.7116,
                98.56807,
                183.85834
            ],
            "6": [
                5.69536,
                40.5671,
                73.35508,
                266.75064
            ]
        },
        "breakpoint": {
            "1": [
                1.18647,
                1.27731,
                1.4308
            ],
            "2": [
                1.23613,
                1.33879,
                1.4976
            ],
            "3": [
                1.2319,
                1.33197,
                1.4487
            ],
            "4": [
                1.19221,
                1.28869,
                1.5326
            ],
            "5": [
                1.18598,
                1.32794,
                1.4265
            ],
            "6": [
                1.20327,
                1.3485,
                1.5145
            ]
        },
        "constant": {
            "1": -6.70774,
            "2": -6.31967,
            "3": -11.64047,
            "4": -7.51595,
            "5": -13.66896,
            "6": -3.75323
        }
    }
}