{
    "Date": "260203",
    "Size": "280",
    "AffectedSide": "Right",
    "Left": {
        "a": {
            "1": 0.00078,
            "2": 0.00042,
            "3": 0.00297,
            "4": 0.00185,
            "5": 0.00026,
            "6": 0.00027
        },
        "b": {
            "1": 8.35585,
            "2": 8.18007,
            "3": 7.15186,
            "4": 6.74324,
            "5": 8.35917,
            "6": 8.46084
        },
        "c": {
            "1": 3.58574,
            "2": 2.0245,
            "3": 2.43974,
            "4": 1.97045,
            "5": 2.80323,
            "6": 3.29871
        }
    },
    "Right": {
        "a": {
            "1": 0.00526,
            "2": 0.00079,
            "3": 0.00349,
            "4": 0.00071,
            "5": 0.00551,
            "6": 0.00093
        },
        "b": {
            "1": 6.64929,
            "2": 7.57578,
            "3": 6.54713,
            "4": 7.72802,
            "5": 6.68953,
            "6": 7.03465
        },
        "c": {
            "1": 2.13974,
            "2": 2.82814,
            "3": 2.8075,
            "4": 2.46646,
            "5": 2.19669,
            "6": 2.46149
        }
    }
}