{
    "Date": "260203",
    "Size": "280",
    "AffectedSide": "Right",
    "Left": {
        "alpha": {
            "1": [
                12.64754,
                29.78392,
                90.03168,
                338.06061
            ],
            "2": [
                9.16365,
                32.69695,
                79.48416,
                321.97194
            ],
            "3": [
                10.88535,
                54.44106,
                82.00672,
                256.1815
            ],
            "4": [
                9.6442,
                36.03959,
                70.19667,
                250.64359
            ],
            "5": [
                9.69395,
                42.74491,
                65.68547,
                299.10575
            ],
            "6": [
                14.19804,
                31.35542,
                69.44362,
                334.38401
            ]
        },
        "breakpoint": {
            "1": [
                0.97955,
                1.12392,
                1.2765
            ],
            "2": [
                1.05703,
                1.22299,
                1.3712
            ],
            "3": [
                1.04156,
                1.18354,
                1.3125
            ],
            "4": [
                1.15479,
                1.27897,
                1.4521
            ],
            "5": [
                1.15397,
                1.23756,
                1.393
            ],
            "6": [
                1.10143,
                1.23501,
                1.376
            ]
        },
        "constant": {
            "1": -5.82796,
            "2": -5.67765,
            "3": -4.71469,
            "4": -5.39814,
            "5": -5.42024,
            "6": -8.86819
        }
    },
    "Right": {
        "alpha": {
            "1": [
                12.16698,
                44.74509,
                70.70841,
                255.07089
            ],
            "2": [
                10.3713,
                28.68184,
                67.8422,
                287.95841
            ],
            "3": [
                11.91152,
                56.48551,
                59.55683,
                231.68377
            ],
            "4": [
                13.80789,
                48.84416,
                79.70551,
                315.83328
            ],
            "5": [
                12.36108,
                39.41479,
                75.94338,
                254.22334
            ],
            "6": [
                8.48263,
                40.56656,
                57.22511,
                246.77046
            ]
        },
        "breakpoint": {
            "1": [
                1.02738,
                1.158,
                1.3314
            ],
            "2": [
                1.06512,
                1.21524,
                1.3953
            ],
            "3": [
                1.13355,
                1.27298,
                1.4043
            ],
            "4": [
                1.12588,
                1.25716,
                1.4054
            ],
            "5": [
                1.00261,
                1.14557,
                1.3142
            ],
            "6": [
                1.17859,
                1.30745,
                1.4759
            ]
        },
        "constant": {
            "1": -6.64561,
            "2": -6.38913,
            "3": -5.80636,
            "4": -9.63788,
            "5": -6.32707,
            "6": -4.85134
        }
    }
}