{
    "Date": "260223",
    "Size": "260",
    "AffectedSide": "Left",
    "Left": {
        "alpha": {
            "1": [
                10.00775,
                44.29993,
                91.31525,
                182.5928
            ],
            "2": [
                7.14821,
                53.63878,
                64.07578,
                214.76409
            ],
            "3": [
                21.25581,
                -13.39197,
                67.48237,
                244.90239
            ],
            "4": [
                6.9897,
                31.97431,
                66.25081,
                224.93292
            ],
            "5": [
                7.34206,
                43.13982,
                73.34242,
                243.67358
            ],
            "6": [
                8.28176,
                38.86458,
                72.74339,
                277.92412
            ]
        },
        "breakpoint": {
            "1": [
                1.10361,
                1.26344,
                1.4247
            ],
            "2": [
                1.17129,
                1.279,
                1.4572
            ],
            "3": [
                0.65925,
                1.23914,
                1.4893
            ],
            "4": [
                1.15349,
                1.30182,
                1.4876
            ],
            "5": [
                1.12709,
                1.25581,
                1.4233
            ],
            "6": [
                1.12533,
                1.26103,
                1.4409
            ]
        },
        "constant": {
            "1": -5.6201,
            "2": -4.29589,
            "3": -12.62361,
            "4": -3.92323,
            "5": -4.15503,
            "6": -6.21003
        }
    },
    "Right": {
        "alpha": {
            "1": [
                6.94067,
                60.76254,
                84.97689,
                208.51805
            ],
            "2": [
                8.81611,
                34.72306,
                90.65185,
                271.04377
            ],
            "3": [
                13.15175,
                28.49412,
                105.79666,
                193.39353
            ],
            "4": [
                7.82285,
                75.42762,
                72.72089,
                139.5631
            ],
            "5": [
                12.50207,
                74.04689,
                80.64223,
                166.26287
            ],
            "6": [
                6.05789,
                31.0426,
                52.28678,
                260.52935
            ]
        },
        "breakpoint": {
            "1": [
                1.15529,
                1.29199,
                1.439
            ],
            "2": [
                1.16596,
                1.31056,
                1.4578
            ],
            "3": [
                1.09725,
                1.24995,
                1.4085
            ],
            "4": [
                1.18595,
                1.37349,
                1.48485
            ],
            "5": [
                1.1217,
                1.28737,
                1.4057
            ],
            "6": [
                1.17898,
                1.27724,
                1.4811
            ]
        },
        "constant": {
            "1": -4.67683,
            "2": -6.68976,
            "3": -8.99592,
            "4": -5.15268,
            "5": -8.67985,
            "6": -3.66638
        }
    }
}