{
  "Date": "260203",
  "Size": "280",
  "AffectedSide": "Right",
  "Left": {
      "a": {
          "1": 0.00305,
          "2": 0.00048,
          "3": 0.00369,
          "4": 0.00225,
          "5": 0.00027,
          "6": 0.00034
      },
      "b": {
          "1": 7.39508,
          "2": 8.07198,
          "3": 6.98712,
          "4": 6.60485,
          "5": 8.30993,
          "6": 8.28742
      },
      "c": {
          "1": 2.5891,
          "2": 2.2712,
          "3": 2.53913,
          "4": 2.25488,
          "5": 2.95879,
          "6": 3.47721
      }
  },
  "Right": {
      "a": {
          "1": 0.00549,
          "2": 0.00084,
          "3": 0.00363,
          "4": 0.00113,
          "5": 0.00597,
          "6": 0.00093
      },
      "b": {
          "1": 6.61557,
          "2": 7.53217,
          "3": 6.5156,
          "4": 7.40373,
          "5": 6.62862,
          "6": 7.03398
      },
      "c": {
          "1": 2.22752,
          "2": 2.91008,
          "3": 3.03268,
          "4": 2.35816,
          "5": 2.3046,
          "6": 2.68327
      }
  }
}